{"routers":{"dunning":{"name":"dunning","version":"2025-07-02T20:26:29","disableAuth":false},"subscription":{"name":"subscription","version":"2025-07-02T20:37:21","disableAuth":false},"debug":{"name":"debug","version":"2025-07-02T19:59:19","disableAuth":false},"payout_accounts":{"name":"payout_accounts","version":"2025-06-30T18:03:04","disableAuth":false},"transaction_fees":{"name":"transaction_fees","version":"2025-06-30T15:45:54","disableAuth":false},"invoices":{"name":"invoices","version":"2025-07-01T12:17:23","disableAuth":false},"config":{"name":"config","version":"2025-06-26T17:54:42","disableAuth":true},"customers":{"name":"customers","version":"2025-06-27T10:58:52","disableAuth":false},"invoice_numbering":{"name":"invoice_numbering","version":"2025-07-01T08:23:42","disableAuth":false},"export":{"name":"export","version":"2025-06-27T11:01:04","disableAuth":false},"settlements":{"name":"settlements","version":"2025-06-30T09:41:26","disableAuth":false},"jobs":{"name":"jobs","version":"2025-06-26T08:14:26","disableAuth":true},"webhooks":{"name":"webhooks","version":"2025-06-30T15:29:26","disableAuth":true},"payouts":{"name":"payouts","version":"2025-07-02T20:26:05","disableAuth":false},"enterprise_contact":{"name":"enterprise_contact","version":"2025-06-30T14:59:40","disableAuth":false},"monthly_billing":{"name":"monthly_billing","version":"2025-06-30T15:28:12","disableAuth":false},"fees":{"name":"fees","version":"2025-06-30T15:28:15","disableAuth":false},"public":{"name":"public","version":"2025-06-30T17:38:00","disableAuth":true},"notifications":{"name":"notifications","version":"2025-06-30T18:51:53","disableAuth":false},"audit":{"name":"audit","version":"2025-06-27T11:13:41","disableAuth":false},"subscriptions":{"name":"subscriptions","version":"2025-07-03T07:10:31.662000Z","disableAuth":false},"team":{"name":"team","version":"2025-06-30T09:36:22","disableAuth":false},"public_data":{"name":"public_data","version":"2025-07-02T19:28:02","disableAuth":false},"branding":{"name":"branding","version":"2025-06-30T13:33:52","disableAuth":false},"admin":{"name":"admin","version":"2025-06-30T12:58:09","disableAuth":false},"dashboard":{"name":"dashboard","version":"2025-07-03T07:37:41.144000Z","disableAuth":false},"scheduler":{"name":"scheduler","version":"2025-06-25T17:05:55","disableAuth":false},"cron_jobs":{"name":"cron_jobs","version":"2025-07-01T20:43:33","disableAuth":false},"billing_automation":{"name":"billing_automation","version":"2025-06-30T15:41:31","disableAuth":false},"settings":{"name":"settings","version":"2025-06-30T15:43:27","disableAuth":false}}}